INSERT INTO house VALUES('CS/2019/1/12/13975690866/10:15','四方坪 X1小区','http://localhost:8080/zufang/house.jpg','赵东','13975690866','13975690866','整租','开福区','开福寺','1号线','开福寺','1000','1000','15','独立卫生间/品质公寓','东','可立即入住','一居室','5/30','有','床+衣柜+书桌+空调','燃气灶+抽油烟机+热水器+洗衣机+电视+冰箱+微波炉','A室：5/东:男/未入住;','http://localhost:8080/zufang/hwimg1.png','http://localhost:8080/zufang/hkimg1.png','http://localhost:8080/zufang/hsimg1.png','http://localhost:8080/zufang/hcimg1.png','http://localhost:8080/zufang/hpimg.png');
INSERT INTO house VALUES('CS/2019/2/18/13975690877/14:25','四方坪 X2小区','http://localhost:8080/zufang/house.jpg','李西','13975690877','13975690877','整租','开福区','培元桥','1号线','培元桥','1500','1500','30','独立卫生间/品质公寓','南','可立即入住','二居室','6/31','有','床+衣柜+书桌+空调','燃气灶+抽油烟机+热水器+洗衣机+电视+冰箱+智能锁','B室：6/南:女/未入住;','http://localhost:8080/zufang/hwimg2.png','http://localhost:8080/zufang/hkimg2.png','http://localhost:8080/zufang/hsimg2.png','http://localhost:8080/zufang/hcimg2.png','http://localhost:8080/zufang/hpimg.png');
INSERT INTO house VALUES('CS/2019/3/20/13975690888/18:35','商学院 X3小区','http://localhost:8080/zufang/house.jpg','王南','13975690888','13975690888','合租','岳麓区','金星路','2号线','金星路','2000','2000','45','独立卫生间/品质公寓','西','可立即入住','三居室','7/32','无','床+衣柜+书桌+空调','燃气灶+抽油烟机+热水器+电视+冰箱+微波炉+智能锁','C室：7/西:男/未入住;','http://localhost:8080/zufang/hwimg3.png','http://localhost:8080/zufang/hkimg3.png','http://localhost:8080/zufang/hsimg1.png','http://localhost:8080/zufang/hcimg3.png','http://localhost:8080/zufang/hpimg.png');
INSERT INTO house VALUES('CS/2019/4/25/13975690899/22:45','商学院 X4小区','http://localhost:8080/zufang/house.jpg','李北','13975690899','13975690899','合租','岳麓区','溶湾镇','2号线','溶湾镇','2500','2500','60','独立卫生间/品质公寓','北','可立即入住','四居室','8/33','有','床+衣柜+书桌+空调','燃气灶+抽油烟机+洗衣机+电视+冰箱+微波炉+智能锁','D室：8/北:女/已入住;','http://localhost:8080/zufang/hwimg4.png','http://localhost:8080/zufang/hkimg1.png','http://localhost:8080/zufang/hsimg2.png','http://localhost:8080/zufang/hcimg1.png','http://localhost:8080/zufang/hpimg.png');

INSERT INTO userinfo VALUES('13975690866','姚东','13975690866','123453','430903194512010316x','已验证','http://localhost:8080/zufang/none.png','http://localhost:8080/zufang/none.png','男','xx1@163.com','整租','开福区','四方坪','1号线','开福寺','一居室','15','独卫+阳台');
INSERT INTO userinfo VALUES('13975690867','姚西','13975690867','123454','430903194512010317x','已验证','http://localhost:8080/zufang/none.png','http://localhost:8080/zufang/none.png','女','xx2@163.com','整租','开福区','四方坪','1号线','培元桥','二居室','30','独卫+厨房');
INSERT INTO userinfo VALUES('13975690868','姚南','13975690868','123455','430903194512010318x','已验证','http://localhost:8080/zufang/none.png','http://localhost:8080/zufang/none.png','男','xx3@163.com','合租','岳麓区','商学院','2号线','金星路','三居室','45','独卫+阳台');
INSERT INTO userinfo VALUES('13975690869','姚北','13975690869','123456','430903194512010319x','已验证','http://localhost:8080/zufang/none.png','http://localhost:8080/zufang/none.png','女','xx4@163.com','合租','岳麓区','商学院','2号线','溶湾镇','四居室','60','阳台+厨房');

INSERT INTO yuyue VALUES('CS/2019/1/12/13975690866/10:15','姚东','13975690866','四方坪 X1小区','CS/2019/1/12/13975690866/10:15','http://localhost:8080/zufang/house.jpg','赵东','13975690866','2019/4/12/10:15','4/12/上午','已通过');
INSERT INTO yuyue VALUES('CS/2019/2/18/13975690867/14:25','姚西','13975690867','四方坪 X2小区','CS/2019/2/18/13975690877/14:25','http://localhost:8080/zufang/house.jpg','李西','13975690877','2019/4/18/14:25','4/12/下午','已通过');
INSERT INTO yuyue VALUES('CS/2019/3/20/13975690868/18:35','姚南','13975690868','商学院 X3小区','CS/2019/3/20/13975690888/18:35','http://localhost:8080/zufang/house.jpg','王南','13975690888','2019/4/20/18:35','4/12/晚上','已通过');
INSERT INTO yuyue VALUES('CS/2019/4/25/13975690869/22:45','姚北','13975690869','商学院 X4小区','CS/2019/4/25/13975690899/22:45','http://localhost:8080/zufang/house.jpg','李北','13975690899','2019/4/25/22:45','4/12/晚上','已通过');

INSERT INTO yanshou VALUES('CS/2019/1/12/13975690866/10:15','姚东','13975690866','13975690866','四方坪 X1小区','CS/2019/1/12/13975690866/10:15','http://localhost:8080/zufang/house.jpg','4/12/上午','已验收');
INSERT INTO yanshou VALUES('CS/2019/2/18/13975690867/14:25','姚西','13975690867','13975690867','四方坪 X2小区','CS/2019/2/18/13975690877/14:25','http://localhost:8080/zufang/house.jpg','4/18/下午','已验收');
INSERT INTO yanshou VALUES('CS/2019/3/20/13975690868/18:35','姚南','13975690868','13975690868','商学院 X3小区','CS/2019/3/20/13975690888/18:35','http://localhost:8080/zufang/house.jpg','4/20/晚上','已验收');
INSERT INTO yanshou VALUES('CS/2019/4/25/13975690869/22:45','姚北','13975690869','13975690869','商学院 X4小区','CS/2019/4/25/13975690899/22:45','http://localhost:8080/zufang/house.jpg','4/25/晚上','已验收');

INSERT INTO zudan VALUES('CS/2019/1/12/13975690866/10:15','姚东','13975690866','13975690866','430903194512010316x','四方坪 X1小区','CS/2019/1/12/13975690866/10:15','http://localhost:8080/zufang/house.jpg','赵东','13975690866','13975690866','http://localhost:8080/zufang/none.png','待上传','待缴费','6888','2019/4/12','2020/4/12');
INSERT INTO zudan VALUES('CS/2019/2/18/13975690867/14:25','姚西','13975690867','13975690867','430903194512010317x','四方坪 X2小区','CS/2019/2/18/13975690877/14:25','http://localhost:8080/zufang/house.jpg','李西','13975690877','13975690877','http://localhost:8080/zufang/none.png','待上传','待缴费','7888','2019/4/18','2020/4/18');
INSERT INTO zudan VALUES('CS/2019/3/20/13975690868/18:35','姚南','13975690868','13975690868','430903194512010318x','商学院 X3小区','CS/2019/3/20/13975690888/18:35','http://localhost:8080/zufang/house.jpg','王南','13975690888','13975690888','http://localhost:8080/zufang/none.png','待上传','待缴费','8888','2019/4/20','2020/4/20');
INSERT INTO zudan VALUES('CS/2019/4/25/13975690869/22:45','姚北','13975690869','13975690869','430903194512010319x','商学院 X4小区','CS/2019/4/25/13975690899/22:45','http://localhost:8080/zufang/house.jpg','李北','13975690899','13975690899','http://localhost:8080/zufang/none.png','待上传','待缴费','9888','2019/4/25','2020/4/25');

INSERT INTO favorites VALUES('1','CS/2019/1/12/13975690866/10:15','13975690866');
INSERT INTO favorites VALUES('2','CS/2019/2/18/13975690877/14:25','13975690867');
INSERT INTO favorites VALUES('3','CS/2019/3/20/13975690888/18:35','13975690868');
INSERT INTO favorites VALUES('4','CS/2019/4/25/13975690899/22:45','13975690869');




